mName,mID,count
"My Cousin Rachel",312,53
"Piglet's Big Movie",493,31
"28 Hotel Rooms",333,31
"Joe Dirt 2: Beautiful Loser",74,30
"Solitary Endeavour on the Southern Ocean",315,29
"Destry Rides Again",36,28
"Joe's Apartment",14,27
"Renegades of the West",62,27
"Here Comes the Groom",379,27
"True Confession",301,25
"Monument Ave.",70,24
"Transporter 3 Special Delivery: Transporters in the Real World",282,24
"She's All That",344,24
"Elektra Luxx",25,23
"Beowulf & Grendel",321,23
"The Cold Light of Day",69,23
"Ellie Parker",191,23
"My Geisha",318,22
"Man of La Mancha",81,22
"Bitter Sweetheart",337,22
"Scream 4: Deleted and Extended Scenes",303,22
"Carcasses and Shellfish",118,22
"That's Entertainment! III",309,21
"Here Comes Cookie",13,21
"The Gamma People",497,21
"Autism: The Musical",92,21
"The Loser Takes All",93,21
"Poppy Shakespeare",342,20
"Monkey Shines: An Experiment In Fear",4,20
"The True Colors of US Universities",437,20
"The Spiritual Boxer",11,20
"Taxi Blues",12,20
"Back To The Future II",328,20
"Love Happens Again",336,20
"Heavy Metal in Baghdad",306,20
"Fathom Premieres 6 Below: Miracle on the Mountain",335,20
"Super Hero Party Clown",143,20
"The Man Who Betrayed the Mafia",181,20
"Sherlock Holmes Baffled",85,19
"Deception: Oo Pel Dan Myin",23,19
"Tevye and His Seven Daughters",322,19
"Pulling Strings",47,19
"Bubble Boy",327,19
"My Best Girl",339,19
"Taboo-The Unthinkable Act",119,19
"Shusenjo: The Main Battleground of the Comfort Women Issue",304,18
"Dr. Otto and the Riddle of the Gloom Beam",317,18
"The Old Man & the Gun",393,18
"The Beatles Yellow Submarine Adventure",80,18
"Shit Year",290,18
Strait-Jacket,58,18
"Haute Cuisine Goes Kosher in Jerusalem",98,18
"Our Sunhi",170,18
"Alien Outpost",130,18
"Fear and Loathing in Las Vegas",520,18
"Walled In",16,17
"Leonard Part 6",255,17
"Mademoiselle Chambon",73,17
"You, Me and Dupree",226,17
"Police State 4: The Rise of FEMA",389,17
"Fled. Lay. Fell.",418,17
"Pleasure at Her Majesty's",167,17
"Gay Purr-ee",556,17
"Week-End in Havana",88,16
"Jack the Giant Slayer",5,16
"First Comes Love",15,16
"Home Mart: Taking Care of Business One Bolt at a Time",316,16
"Bakgat! tot die mag 3",41,16
"Body Fat Index of Love",600,16
"Shane's World 40: Scavenger Hunt 4 - Seattle",332,16
"Shoot 'Em Up",138,16
"My Girlfriend's Boyfriend",99,16
"All at Sea",404,16
"I Do: How to Get Married and Stay Single",179,16
"Gangsters Gamblers Geezers",177,16
"Charlie Chan's Courage",357,16
"Don't Make Waves",288,16
"Return to Paradise Lost",131,16
"Phil Spector: He's a Rebel",8,15
"Tamara Drewe: Red Carpet Special",262,15
"Rooster Cogburn",259,15
"WCW Superstar Series: Kevin Nash - The Outsider!",455,15
"3 Godfathers",27,15
"Wishmaster 2: Evil Never Dies",340,15
"Men of Means",241,15
"Ten Canoes",492,15
"Gentleman Jim",449,15
"Hustle & Flow",239,15
"Octopussy 3-D: A XXX Parody",319,15
"See No Evil, Hear No Evil and Everything Else",42,15
"100 Bloody Acres: Gag Reel",78,15
"Shadow Conspiracy",65,15
"Harishchandrachi Factory",433,15
"Blast from the Past",153,15
"Fool's Gold",148,15
"Blood Ties: The Life and Work of Sally Mann",346,15
"Empire of Dreams: The Story of the 'Star Wars' Trilogy",270,15
"Steam: The Turkish Bath",502,15
"Zombie Honeymoon",504,15
"Lifted: A Ski Film for the Rest of Us",409,14
